Node,X,Y,Z
1,500.000000,1500.000000,0.000000
2,1500.000000,1500.000000,0.000000
3,500.000000,500.000000,0.000000
4,1500.000000,500.000000,0.000000
